temperature,alpha,best_val_acc,best_val_loss,params
4.0,0.7,0.3670886075949367,2.087882971461815,317479
