temperature,alpha,best_val_acc,best_val_loss,params
2.0,0.5,0.3670886075949367,2.013022434862354,317479
