temperature,alpha,best_val_acc,best_val_loss,params
1.0,0.5,0.3670886075949367,2.0421634867221496,317479
